ID,NAME,ADDRESS,PHONE NUMBER,EMAIL,COMPANY,DATE REGISTERED,LAST UPDATED
79AF898B-71FA-1B83-96EC-47CB54714E51,Cody Q. Torres,489-7935 Sit St.,(05079) 2869636,sociis.natoque@aliquetlobortisnisi.ca,Consequat Dolor Corp.,"Feb 27, 2019","May 30, 2019"
3FF84220-8D5B-7355-E48D-017D4AB2182D,Fulton B. Watson,"P.O. Box 782, 5114 Nulla Avenue",(052) 59072219,dui.Fusce@infaucibusorci.ca,Mattis Corporation,"Jan 30, 2020","Jun 8, 2019"
5291EA11-7448-DB31-630E-7A131C7E43A3,Neil E. Boyer,4404 Sapien. Rd.,(02798) 2740446,enim.commodo.hendrerit@est.ca,Ornare Facilisis Institute,"Jul 20, 2018","Jun 4, 2019"
4CE989CF-1F54-F093-9EF8-938A1D9306CE,Vladimir H. Kramer,"P.O. Box 124, 8029 Orci. Ave",(003) 48685831,Maecenas.iaculis@mattis.edu,Id Company,"Aug 7, 2019","Aug 18, 2019"
4A214E6D-A47B-D99B-7150-1D3EDBF6DD6C,Castor J. Moon,685-9051 Ultrices Street,(05539) 8427146,montes.nascetur.ridiculus@atiaculisquis.com,Orci In PC,"Sep 10, 2018","Feb 10, 2020"
895882BA-780F-32C9-CDC4-796187C0899D,Zachary F. Knowles,Ap #666-2424 In Avenue,(061) 54676059,mi.Aliquam.gravida@Morbi.org,Ullamcorper Velit In Incorporated,"Mar 10, 2020","Jun 9, 2019"
B70D4AF5-5AFF-FDAA-14C1-25CF83992BA1,Lacota Y. Williamson,9059 Blandit. Ave,(03642) 2819124,ut.nulla@sed.net,Mollis Dui In Inc.,"Jun 4, 2018","Nov 16, 2018"
13EC7F34-DA60-A104-263F-2E25600C54C5,Norman M. Chapman,Ap #847-3244 Eu St.,(0464) 75040613,nec.cursus@vitaenibhDonec.edu,Dolor Quisque Consulting,"Jul 5, 2018","Mar 6, 2020"
6F90766E-9BE3-4E70-4498-E372F2E6EC27,Aubrey F. Fields,857 Neque. Rd.,(0135) 96702389,lectus.justo.eu@magnased.co.uk,Mauris PC,"Jan 30, 2019","Apr 13, 2018"
55795AE1-7900-0CD2-2DD1-5448869764BB,Tucker O. Beck,Ap #570-8287 Quisque St.,(0535) 14114946,mattis.Integer@Maurismolestiepharetra.edu,Nisl Elementum PC,"Jan 9, 2020","Sep 29, 2019"
211DA4CD-3484-956C-C4D1-FBB967ACE2B9,Charles N. Galloway,"P.O. Box 809, 3095 Mi. Street",(036406) 205977,auctor.vitae@et.ca,Quisque Libero Lacus Incorporated,"Oct 8, 2018","Aug 17, 2018"
B6E2435A-7FC6-D5F2-59A0-E48A5144B600,Lance U. Herrera,Ap #192-3353 Nulla. St.,(039768) 886208,velit.dui.semper@Curabiturvel.co.uk,Nullam Ut Nisi Inc.,"Feb 13, 2020","Jan 18, 2020"
C10B81C5-E7E3-924E-6DFB-2CA4572886CF,Phillip R. Mcleod,"P.O. Box 849, 2565 Aliquet St.",(0958) 05561130,Nulla@consectetuer.edu,Dapibus Gravida Aliquam Limited,"Jan 23, 2020","Feb 8, 2019"
91822EC5-CD5D-B040-2883-CE8202949353,Jasper I. Rush,"P.O. Box 922, 7518 Ac Road",(06543) 8125429,ornare.facilisis.eget@tristiquepellentesque.net,Cras Industries,"Jan 31, 2019","Feb 2, 2020"
FBA0C664-60B2-8FA5-6B2B-BDC2AF8D43A3,Brooke P. Holcomb,688-137 Lorem Road,(04978) 5407811,sagittis.semper@laoreetposuereenim.org,Quisque Ornare Tortor Ltd,"Dec 1, 2019","Oct 26, 2019"
CD564846-B3AA-ED6A-98EA-610CB4C4C140,Elaine J. Hoffman,920-326 Mi St.,(059) 87533018,odio@aclibero.co.uk,Turpis Corporation,"Mar 18, 2020","Apr 8, 2019"
0A113D6F-A694-2D31-6C96-7B7574A941C5,Eliana J. Serrano,Ap #849-9880 Mi Ave,(0870) 08464389,nibh.enim@orci.co.uk,Iaculis LLP,"Feb 20, 2020","Feb 25, 2019"
1C56A05E-E289-C1B8-4F9D-6290CF865EDA,Laith D. Norton,Ap #519-5485 Consequat Rd.,(04487) 7336670,mi@Nunc.com,Sollicitudin Orci Sem Company,"May 6, 2018","Dec 13, 2019"
742CB99D-2EB4-07A5-2BFE-2C0210DB67B1,Allen V. Vargas,110-4978 Nunc. St.,(022) 42782868,vitae@nonummyultriciesornare.co.uk,Sit Corporation,"Sep 12, 2018","Nov 26, 2018"
57A27DD0-87EB-9B21-816A-7B0DB957B9AD,Jonas Z. Good,"3713 Non, St.",(09534) 3247418,risus@Quisquevarius.co.uk,Pellentesque Massa Lobortis Limited,"Nov 21, 2019","Jan 8, 2020"
6960D330-A7E3-FE5B-3498-EF08DD0AB6D4,Lionel D. Cummings,1246 Egestas Rd.,(0071) 19380543,dapibus@vitaealiquameros.net,Dui Semper Et Associates,"Jan 24, 2019","Mar 29, 2019"
E855519D-DCC5-2C6B-8EE7-CAA3A6F0692F,Scott Y. Skinner,"Ap #450-9296 Sem, Rd.",(058) 62694255,arcu.Vestibulum@enim.com,Placerat Cras Corp.,"Sep 12, 2018","Oct 22, 2019"
EF813CB8-0128-617D-ABB1-2FA78B37AEF6,Wilma Z. Short,9112 Duis Avenue,(039203) 454665,malesuada.malesuada.Integer@magnaSuspendisse.co.uk,Mi LLP,"Sep 7, 2019","Nov 7, 2018"
ED02E8A3-A14E-AB14-69AA-DC2D31B38322,Athena A. Newton,602-366 Eros. St.,(04740) 8650137,dictum.sapien@ametnullaDonec.co.uk,Rhoncus Donec LLP,"Jun 23, 2018","Jan 31, 2020"
AA39864D-2E56-58A0-AC3D-EBF1EDC08774,Xandra A. Cleveland,Ap #952-683 Nonummy Rd.,(077) 98898220,semper.et.lacinia@ametfaucibusut.org,Aliquam Tincidunt PC,"Apr 5, 2020","May 25, 2019"
DC9ACA7B-1A4C-B60B-5DF8-6E52174CAF6A,Kirby B. Irwin,Ap #780-9735 Risus. Road,(04450) 8039361,nascetur.ridiculus@pede.co.uk,Tellus PC,"Mar 25, 2019","Nov 25, 2019"
3E30D795-8474-A14F-E7DA-0EFFC8C7FFB9,Pamela T. Patterson,9214 Pede. St.,(088) 60847986,amet@anteNuncmauris.ca,Consectetuer Ipsum Consulting,"Oct 15, 2019","Aug 14, 2018"
5EA6F9E7-7C8C-4502-9A76-F09C851C3171,Owen I. Fulton,892 Ipsum Street,(030287) 852491,eget.magna@purusmauris.net,Egestas Ltd,"Apr 22, 2018","Jul 24, 2019"
8EFE49FD-D831-9743-6846-4323BCC76538,Larissa O. Tran,Ap #500-2339 Volutpat. Street,(0517) 95558724,Aliquam.erat.volutpat@enim.org,Ligula Aliquam Company,"Aug 26, 2019","Feb 24, 2020"
88AD4891-3425-BF7D-E6D8-6E43CB658CFD,Lucy Y. Green,"9758 Pede, Street",(039226) 242348,orci.Donec@idblandit.co.uk,Quis Pede Praesent Ltd,"Jun 6, 2019","Jan 18, 2019"
9260FAF2-1389-58F2-1F07-6C9509E89420,Quinn C. Boyd,Ap #374-2634 Rhoncus. St.,(044) 84028509,eu@pharetra.ca,Neque Tellus Imperdiet Company,"Jan 3, 2019","Jan 16, 2019"
A90312A5-3F86-26D0-D7A7-79B9D4869D27,Jena N. Fleming,9304 Quisque Road,(0523) 86539404,ac@sapienAenean.co.uk,Non Sollicitudin A LLC,"May 12, 2019","Dec 6, 2019"
763C46E8-A355-6114-53FF-EE5454143AC6,Maryam R. Castaneda,"P.O. Box 660, 3903 Purus Rd.",(008) 18665758,Nunc@velitegetlaoreet.org,Nunc Lectus Pede Ltd,"Feb 12, 2019","Mar 8, 2019"
CF6FCF8F-3BE5-0550-92DD-84323FDDB227,Ruth M. Thomas,"286-2853 Amet, Rd.",(04065) 6940493,egestas.hendrerit@utpellentesqueeget.edu,Interdum Sed LLP,"May 26, 2019","Jan 19, 2019"
284E29E1-F1F7-7D04-D58F-B0DC7D279640,Yuli I. Juarez,697-8355 Auctor. Rd.,(0202) 61289424,gravida.Praesent@nonlobortis.co.uk,Iaculis Enim Sit Associates,"Sep 26, 2018","Jan 24, 2020"
8D02CEB9-E6BA-BA33-AC4B-F61573B05483,Malachi A. Lewis,Ap #349-1580 Semper Rd.,(031109) 862970,Nullam@necurna.ca,Ante Ipsum Primis Institute,"Mar 19, 2020","Apr 23, 2018"
F91E15E9-D6D7-F172-2A08-95BB3C7659B2,Silas V. Anderson,733-9471 Eu Street,(034779) 453210,tincidunt.adipiscing.Mauris@fringillaornare.org,Mauris Foundation,"Dec 19, 2018","Nov 2, 2018"
0D4F6304-6F67-AE4C-8E8C-9E58E9280BBD,Uma L. Cannon,Ap #629-909 At Street,(034972) 194893,eros.Nam@orciluctuset.net,Commodo Auctor Velit Inc.,"Jun 23, 2018","Aug 7, 2019"
D5E8845B-686C-CFDA-70FA-CD07071ECB7A,Donovan S. Boone,331-3903 Fusce Street,(030461) 501086,volutpat.Nulla@eutellus.co.uk,Mauris Ipsum Inc.,"Oct 25, 2018","Jan 28, 2019"
E6F8D9BD-83E2-778F-233B-5F9E5E868475,Arsenio G. Solis,Ap #337-4655 Libero St.,(003) 91971486,risus.Nunc.ac@enim.co.uk,Fermentum Convallis Ligula Limited,"Jan 21, 2020","Jan 13, 2019"
85215EAF-1D62-5BCA-7A83-B39AA1108F28,Jordan S. Rocha,4796 Eros. Rd.,(07354) 5169510,Mauris.quis.turpis@ullamcorperDuis.ca,Lobortis Quam A Foundation,"Jun 18, 2018","Mar 4, 2019"
176FD965-21C7-60E5-1883-45A7DF652B15,Emily V. Mack,639-2909 Orci. St.,(037747) 581438,nascetur@molestieintempus.net,Non Corporation,"Mar 19, 2020","Jul 19, 2018"
136E3488-09E7-D9C5-444A-38EE2423ADFB,Chastity L. Mitchell,"P.O. Box 139, 445 Neque Av.",(01636) 1567982,ligula.Nullam@conguea.ca,Vivamus Corporation,"Dec 28, 2018","Feb 7, 2019"
77B5DDA8-F0B8-97F5-39A9-4EC791C79752,Dalton S. Mcneil,"288-6804 Tortor, St.",(0725) 23467713,purus@egestas.net,Erat Institute,"Dec 16, 2018","Jun 17, 2018"
2C369082-B9C7-408F-89DA-05FA887E287E,Sarah P. Meyer,"P.O. Box 710, 5025 Vehicula. Rd.",(033842) 166199,nulla.In@Inmi.com,Cursus Limited,"Feb 3, 2019","May 4, 2018"
A8C9473C-E29A-C835-492F-2C48A8996F4F,Howard T. Beard,Ap #665-7386 Condimentum Ave,(0189) 20809890,eu.arcu@liberoat.net,Nec Orci Donec LLC,"Mar 3, 2020","Sep 21, 2018"
BB498A36-F242-4E59-DB09-76B56DE76297,Cairo R. Rosario,Ap #326-7582 Sit Ave,(05774) 6573478,tempus.mauris.erat@egestasFuscealiquet.net,Tellus Suspendisse Sed Consulting,"Mar 6, 2020","Aug 22, 2019"
715A26B7-69E3-1A2B-B96E-E7625A61F580,Regina S. Meyer,650-1651 Consequat Rd.,(02914) 3043785,sit.amet@et.edu,Lorem Industries,"Sep 3, 2019","Jul 2, 2018"
F41A944E-B7E6-ED75-C356-129C56AA2C5E,Denise D. Hoffman,Ap #576-7034 Dolor St.,(038909) 982678,ante@elementumpurus.com,Fames Ac Consulting,"Jun 12, 2019","Feb 28, 2019"
D3399023-4AE6-5344-6417-02C9519F9B62,Francis K. Faulkner,"P.O. Box 541, 7091 Suspendisse Rd.",(0880) 76290203,Nulla.semper@elit.org,Sem Company,"Oct 8, 2019","Aug 16, 2018"
6AEACDA6-7C83-2A78-93A3-C69CC4FCC1B1,Martin P. Frederick,8458 Fusce Road,(033691) 285521,netus.et@tellusidnunc.net,Cras Consulting,"Jan 31, 2019","Sep 11, 2019"
249B2148-ACE2-97A6-E26F-E4D174279024,Jasmine C. Gutierrez,Ap #176-2368 Nisi Road,(0879) 41243562,ac@Quisque.co.uk,Et Netus Et Limited,"Apr 3, 2019","Oct 10, 2019"
FB319ACF-D1B1-3096-21FB-17FA8C06E06D,Daryl X. Little,955-2997 Phasellus Ave,(036192) 513018,mollis.dui@erosturpisnon.net,Dignissim Inc.,"Dec 13, 2019","Mar 28, 2020"
ECB753B2-153B-C804-5EFE-6C9428A8B6EA,Timothy L. Wise,6525 Eu Rd.,(0545) 83229188,metus@Proineget.edu,Et Netus Limited,"Aug 11, 2019","Aug 27, 2018"
6640AEA3-85F0-30E5-72CF-D806918965DF,Shellie Y. Monroe,943-7649 Etiam St.,(0725) 37892905,molestie.tortor.nibh@et.org,Sapien Foundation,"Feb 24, 2019","May 29, 2018"
5D6D592D-7F14-5798-64CF-A35AD70435CD,Amery H. Ochoa,"P.O. Box 448, 1815 Erat Road",(061) 48380906,a.malesuada.id@malesuadaiderat.ca,Viverra Company,"Dec 8, 2018","Nov 5, 2019"
CFF287B0-AD88-F42C-3A04-0A13464916A8,Kelly X. Trujillo,"P.O. Box 162, 3510 Bibendum Road",(001) 56933841,consectetuer@pede.ca,Ante Lectus Convallis Company,"Apr 1, 2019","Mar 22, 2019"
BC363015-6B51-248B-7708-DB61362C9706,Byron J. Vaughn,"P.O. Box 146, 5659 Erat St.",(0188) 88760058,mattis.semper.dui@tinciduntnequevitae.org,Libero Lacus Varius Incorporated,"Dec 27, 2019","Apr 28, 2019"
ADEC7E06-B029-EC54-2697-3AAA9869A969,Macaulay L. Paul,"P.O. Box 984, 2999 Curabitur Av.",(038) 96633583,massa.rutrum@Integerid.co.uk,Ipsum Sodales Purus Industries,"Sep 15, 2018","Dec 15, 2018"
4EBCD7F5-7D54-327C-FC84-F461DDE903AC,Lunea T. Townsend,"P.O. Box 252, 2928 Eleifend St.",(04222) 0171475,sodales.Mauris@quam.ca,Mauris LLP,"Sep 18, 2019","Jun 7, 2018"
49AE9D9F-C6EE-E1AC-DED9-5754F4A3D3D0,Lawrence A. Knowles,"Ap #301-5480 Urna, St.",(034930) 959874,tristique.pharetra.Quisque@congueelitsed.co.uk,At Arcu Vestibulum Ltd,"Nov 10, 2018","Jun 29, 2018"
2F96657E-8564-EAD5-92F2-E27234FD2917,April M. Charles,"P.O. Box 166, 6178 Vestibulum Rd.",(095) 24478829,vulputate.velit@nislMaecenas.edu,Nibh Institute,"Aug 20, 2018","Apr 16, 2018"
D1AF50E2-8224-F9C3-E9C9-1EC181C5B9A0,Paula I. Ratliff,Ap #304-7545 Massa. St.,(0171) 62531991,ac.mattis@nibh.com,Mattis Industries,"Dec 15, 2019","Sep 24, 2018"
50645094-62F0-4A1B-A4F9-8F8670F8D96F,Jillian P. Simon,"P.O. Box 261, 3896 Fringilla. St.",(007) 90707779,nec.urna.et@eleifend.com,Sed Eu Corp.,"Jan 6, 2019","Jan 27, 2019"
B346AAF5-B9D9-7787-9D6C-BC2B900067D7,Jacob J. Vargas,184 Mattis Rd.,(086) 57842877,ultrices.posuere.cubilia@Infaucibus.com,Ante Dictum Limited,"Sep 5, 2019","Sep 2, 2018"
3C426814-AF82-4A00-B992-1926E1A98E55,Bo K. Galloway,"P.O. Box 259, 6114 Tempor St.",(0218) 83978775,sodales.at.velit@orciUt.co.uk,Sapien Ltd,"Jul 29, 2019","Sep 8, 2018"
9F28EC5E-1556-D58F-4063-16613CDEE0DB,Aaron I. Case,849-3208 Vitae Avenue,(084) 90189499,vestibulum.nec@velitduisemper.co.uk,Blandit PC,"Nov 1, 2018","Apr 5, 2020"
93F07046-3598-F320-B636-8B28C2F00EB4,Andrew R. Allison,1556 Amet Rd.,(031138) 194030,massa.Integer@faucibuslectus.ca,Proin Eget Institute,"Dec 24, 2019","Mar 14, 2020"
88A172D8-FA4A-9ADD-665D-CCFF769B4414,Stacey X. Mckay,"P.O. Box 155, 7212 Integer Av.",(0409) 45754256,risus.Quisque.libero@disparturient.ca,Est Nunc Consulting,"Oct 4, 2018","Nov 29, 2018"
F1F2E17C-D436-6278-1A7B-97101793B2E5,Driscoll F. Velasquez,Ap #226-9300 Tortor Rd.,(0737) 01083187,justo.Proin.non@dictumeu.com,Aliquam Eros Institute,"Oct 21, 2018","Jul 29, 2018"
FB465B8C-48F9-14A4-B73D-A014E9A5716D,Magee R. Alford,Ap #277-1957 Massa St.,(0219) 27256799,Vivamus.sit.amet@Duis.edu,Curabitur Egestas Corp.,"Jun 30, 2018","Mar 30, 2019"
8C502421-BE3B-CDC7-6723-B790ADAD6335,Brady W. Sherman,Ap #100-9489 Quam. Av.,(04545) 0333610,Mauris@risus.net,Vitae Posuere Associates,"Jul 2, 2018","Jun 8, 2019"
867DCB33-7479-D080-B3B3-1D252EC0E981,Lucian F. Good,"P.O. Box 389, 6673 Lobortis St.",(034709) 867272,Duis.mi.enim@hendreritidante.org,Mauris LLP,"Jun 2, 2019","Sep 23, 2019"
75AD9CEB-BB9C-FE35-46DC-096987C694E1,Gregory O. Mcmillan,105-9816 Id Road,(031653) 909808,purus.in.molestie@apurusDuis.co.uk,Cubilia Limited,"Feb 13, 2019","May 10, 2018"
65BADE43-19D5-3692-2520-3FCF919D5982,Nina Q. Church,577-9860 Lacus. St.,(077) 68320435,gravida@nondapibusrutrum.org,Sit Corp.,"Dec 7, 2018","Nov 25, 2019"
39C9C65A-31D3-2D39-078C-FBC025AD0B42,Bertha J. Armstrong,3645 Integer Road,(0561) 61326725,cursus.Nunc@consectetueripsumnunc.com,In Nec Corporation,"May 14, 2018","Apr 23, 2019"
87A3F9C4-4168-250A-5FC5-B00A6100A0A0,Xavier Z. Mcneil,"P.O. Box 759, 3547 Nunc Av.",(031316) 189040,cursus.et.magna@semutdolor.net,Ultrices Sit Amet Ltd,"Sep 18, 2019","Jul 21, 2018"
B3429064-55E8-99B6-BCB1-41A6A07EC4C1,Burke Y. Stokes,"P.O. Box 967, 8295 Neque. Rd.",(036322) 947701,at@ornare.com,Congue Ltd,"Sep 23, 2018","Nov 3, 2019"
F9B18372-2FB3-C0BF-5083-A43A406B9D50,Caryn G. Hebert,"4168 Ornare, St.",(07589) 2369926,lacinia.Sed.congue@commodo.net,Luctus Felis Consulting,"Apr 19, 2019","Dec 29, 2018"
547F90F6-A4BE-9266-D4F7-B0603C8ADC9D,Calvin S. Knapp,1919 Lacus. Road,(037) 62328581,sed.sem.egestas@natoquepenatibuset.co.uk,Nulla Foundation,"Jan 13, 2019","Oct 9, 2019"
02C418C8-C773-CC81-D191-B1446E00CC0A,Heidi E. Fernandez,"P.O. Box 945, 9944 Eu, St.",(022) 09603095,nisl.Maecenas.malesuada@ultriciessem.com,Morbi Tristique Associates,"Mar 3, 2019","Jun 26, 2019"
D75D1536-3000-C7F6-0018-82368817AC5A,Gary N. Wright,568-1865 Augue Avenue,(086) 23094652,Donec@nonquamPellentesque.co.uk,Vestibulum Institute,"Mar 13, 2020","Apr 26, 2018"
A8EFD90D-6025-C5F5-94D0-9205ED51F4A5,Hamish H. Gamble,Ap #963-7878 Rutrum. Rd.,(02269) 1439697,Pellentesque.tincidunt.tempus@lectusconvallisest.com,Urna PC,"Nov 3, 2019","Dec 28, 2018"
FA435225-7AA5-D608-5DE0-55CEF7687391,Sacha K. Dunlap,365-2555 Mollis Ave,(0069) 08105515,feugiat@natoque.ca,Duis Gravida Ltd,"Apr 29, 2018","Sep 22, 2019"
BC3D1BF0-5D5A-C971-C29C-0C689A348E29,Merritt V. Roth,9150 Egestas St.,(0818) 78149487,non@risus.net,Quisque Nonummy Company,"May 24, 2018","Jul 30, 2019"
19F84F4B-E0AD-6EBD-6C7B-7B85B0DB5D67,Emery D. Bishop,"P.O. Box 525, 3521 Egestas. St.",(057) 25404022,lacinia.at.iaculis@duiCum.org,Eget Odio Aliquam Consulting,"Jun 9, 2019","Jul 27, 2019"
57885CDA-9DC7-F028-800F-E925680C768D,Gage J. Reyes,"819-7587 Eu, Rd.",(0172) 02256833,in.cursus@odio.ca,Eros Nam Foundation,"Feb 22, 2020","Apr 4, 2019"
C98D7F76-F2DA-6019-1264-8A8D71A9B63C,Wang W. Navarro,1707 Pellentesque Rd.,(02834) 7156210,rutrum.Fusce@Nunccommodoauctor.co.uk,Congue Turpis In LLP,"Jun 11, 2018","Feb 23, 2020"
69280513-5C47-94A5-1789-F794DF3C9D49,Angela E. Kent,"P.O. Box 692, 6974 Eget Av.",(033821) 635768,convallis.in.cursus@quamdignissimpharetra.net,Sed Dictum PC,"Mar 30, 2020","Jul 28, 2019"
29D34A5F-BF45-512B-5D15-F5B4B88713C1,Gray V. Bonner,"734-5456 Nec, Av.",(0805) 05827455,molestie.orci.tincidunt@semperegestasurna.com,Sit Amet Corporation,"Jan 3, 2019","Aug 21, 2018"
7C5A5B6E-DF3B-772C-3E1D-DEA3089E6F22,Kenneth X. Harris,Ap #835-2181 Fringilla Rd.,(05362) 4440782,id@Integervulputate.org,Faucibus Incorporated,"Aug 31, 2019","Mar 21, 2019"
2C509242-345E-23FE-16BA-752B0604C3FF,Cameron M. Donaldson,4021 Facilisis Rd.,(09952) 0478583,dictum.Phasellus.in@ligulaNullamfeugiat.com,Placerat Eget Ltd,"Dec 31, 2019","Apr 12, 2020"
25FFA6A9-315B-818B-4BB4-C4DBB1C5D208,Dakota O. Petty,Ap #218-5878 Semper Road,(0033) 54864593,varius.orci.in@Innecorci.org,Morbi Inc.,"Feb 25, 2020","Dec 24, 2018"
D302AD3F-BF2B-0C06-5AD6-C158E521DD50,Nichole E. Harmon,404-2795 Nisl St.,(033) 51820685,ipsum.ac.mi@arcu.net,Purus Gravida Sagittis Foundation,"Aug 19, 2018","May 27, 2018"
2EB24EED-34A8-CA4B-21E1-59485089A620,Hedda B. Henson,Ap #105-4061 Risus St.,(09040) 8360039,posuere.cubilia@urnasuscipit.ca,Nullam Institute,"May 8, 2018","Jun 18, 2019"
56F96C56-8943-3A40-D45C-40A828342AB4,Valentine D. Odom,Ap #734-6076 Lacus. Rd.,(00804) 6229876,Vivamus.nisi.Mauris@Duis.net,Sodales LLC,"Apr 3, 2020","Jul 12, 2019"
463E870C-B180-E3CF-A1CD-E4E2F1389B40,Raymond Y. Malone,7057 Felis Street,(094) 91103684,libero.Morbi.accumsan@urnaVivamusmolestie.edu,Magna Sed Eu Foundation,"Jan 17, 2019","Mar 20, 2020"
1E26461E-DF04-11AC-C8BE-0B9630A9A4C3,Brendan C. Hendrix,2384 Nunc Avenue,(0728) 49564556,quis.massa@euismod.ca,Odio Vel Limited,"Oct 7, 2019","Jan 25, 2020"
C08B1925-DDA0-B3E6-BF04-9D800E25D28D,Aiko J. Sargent,"P.O. Box 754, 5697 At Street",(087) 56404487,nonummy.ac.feugiat@rhoncusProinnisl.net,Malesuada Incorporated,"Jan 22, 2019","Jan 27, 2019"
15EFF795-F487-AF2B-AA0B-51C415A96D77,May H. Garrison,Ap #381-5317 Consectetuer Street,(073) 50467028,rhoncus.Nullam.velit@necmetusfacilisis.com,Cras Associates,"Feb 4, 2019","Jan 20, 2019"